name,b_eff,h_eff,mu_r,p_loss,p_mag,p_el
unit,T,A/m,1,W /m^3,W /m^3,W /m^3
group,post-processing,post-processing,post-processing,post-processing,post-processing,post-processing
0,0.024999999999999967,(11.195014064501757+0.13098438978417354j),(1776.8307117811978-20.789351866061914j),1037.937937251911,1026.5980135909447,11.339923660968337
1,0.024999999999999974,(11.135700274001652+0.16608253615742843j),(1786.142144715633-26.63927818034203j),2631.4703633390836,2567.8281259949945,63.64223734409109
2,0.025000000000000015,(11.073785800173075+0.2043547510931011j),(1795.9165532310274-33.14169940091948j),4854.808797208372,4672.006176171584,182.80262103678018
3,0.024999999999999953,(11.009311640435042+0.2539846628049022j),(1806.0879649922765-41.666423639037674j),8040.966454810946,7647.764785273287,393.20166953766534
4,0.024999999999999974,(10.942200878784956+0.3200112873922091j),(1816.5784826860815-53.12693719784008j),12657.199608375402,11939.027764633745,718.1718437416553
5,0.025000000000000015,(10.872193429130123+0.40648021308997145j),(1827.2852229063824-68.31696765006596j),19282.678862457007,18102.193406661023,1180.4854557960173
6,0.025000000000000064,(10.798783599166633+0.516975848110202j),(1838.0659796055372-87.99469958472118j),28598.62804936059,26795.786169910047,1802.8418794505835
7,0.024999999999999967,(10.721151256650291+0.6548191927702132j),(1848.722073922735-112.91499085526306j),41382.55612487564,38774.20150662162,2608.3546182539003
8,0.025000000000000022,(10.63808462016429+0.8231604869639402j),(1858.9775278134368-143.84514710001415j),58504.38855106758,54883.34992926981,3621.038621797838
9,0.024999999999999967,(10.547893142458253+1.0250299952696302j),(1868.453636511414-181.57379832428447j),80923.6838405229,76057.38684017463,4866.297000348245
10,0.02499999999999999,(10.44830822994556+1.2633692555729545j),(1876.6377282793032-226.91581809974008j),109687.56353377053,103316.15933037068,6371.404203399728
11,0.04999999999999999,(21.89079270771407+0.5132137916382956j),(1816.6029470608426-42.588941333031904j),8153.42486391073,8108.080838443508,45.34402546720394
12,0.05,(21.77224038703416+0.6376018524307101j),(1825.932510992393-53.47258392919108j),20253.67992336378,19999.196416213974,254.4835071498297
13,0.05000000000000003,(21.648254744354954+0.759122924098034j),(1835.707795532927-64.37137247278055j),36155.43121603714,35424.45220550721,730.9790105299953
14,0.05,(21.5182541290702+0.905325247770816j),(1845.8017257062127-77.6573645165414j),57458.74162593607,55886.39502738006,1572.346598556041
15,0.05000000000000009,(21.381414592135847+1.0916652053209093j),(1856.0644993562344-94.76459212029017j),86549.9756326909,83678.04889819173,2871.926734499243
16,0.04999999999999998,(21.23634583549191+1.3299059591495626j),(1866.2957990685934-116.87499930279907j),126441.61086296545,121720.77884641757,4720.8320165480645
17,0.049999999999999954,(21.080845873461406+1.6301572654678174j),(1876.2161468525753-145.08561002431725j),180705.62590812065,173495.7407146847,7209.885193436223
18,0.050000000000000065,(20.91163912991772+2.0016172495564653j),(1885.4334837176623-180.46964948344828j),253436.31580683863,243004.76989893772,10431.545907900625
19,0.050000000000000044,(20.724080348922673+2.4529125551693416j),(1893.4026212153894-224.10408487975215j),349226.37065638154,334744.55077308684,14481.819883295087
20,0.05000000000000001,(20.511813982111605+2.9922774689081884j),(1899.3751190898931-277.08214294523384j),473149.79749630694,453687.66095753235,19462.13653877505
21,0.050000000000000086,(20.26636669463594+3.6276649282786284j),(1902.3367700706453-340.51690105788316j),630750.1390321917,605268.9759532213,25481.163078970425
22,0.07500000000000005,(32.01290273118364+1.2038742673027671j),(1861.712424592239-70.01138571858498j),28745.13053833152,28643.153007572186,101.97753075931965
23,0.07499999999999982,(31.83219312375505+1.4813024995085389j),(1870.877701491181-87.06078794883734j),70716.27126135478,70143.94215188976,572.3291094651225
24,0.07499999999999989,(31.64335512273155+1.7340563272103144j),(1880.4709304339833-103.04983470958278j),124124.53507962437,122480.53466969692,1644.0004099275036
25,0.07499999999999994,(31.443862502349912+2.021306779388788j),(1890.2731700606355-121.51248827190854j),192807.73563855293,189271.35651290623,3536.379125646907
26,0.07499999999999987,(31.23114019758862+2.374069082952791j),(1900.0334000938792-144.43310501000641j),282883.54267571424,276424.03357963223,6459.509096081709
27,0.07499999999999994,(31.001519251108096+2.814951628416383j),(1909.4243901322639-173.37657721882962j),402214.8694409193,391596.40500324283,10618.464437676705
28,0.07500000000000018,(30.74965242151291+3.3628815952702817j),(1917.996036795101-209.75825949262034j),560195.9314047049,543978.2452842555,16217.686120449374
29,0.07500000000000005,(30.467911444958137+4.034808701256314j),(1925.1226980868175-254.94040926497766j),767637.9606979194,744172.6930554033,23465.267642515773
30,0.07500000000000012,(30.145705529326445+4.846472230521361j),(1929.9390596023925-310.2729193006381j),1036697.6842578142,1004120.5244886567,32577.15976915748
31,0.07499999999999994,(29.768671003623993+5.812804844761265j),(1931.2599467505943-377.1091149349125j),1380829.2806028218,1337048.0505292348,43781.23007358781
32,0.075,(29.31766035855963+6.948177083588031j),(1927.4778445102372-456.80512102800185j),1814752.7153403768,1757431.6536901363,57321.061650236006
33,0.09999999999999983,(41.49910022819659+2.251614344157417j),(1911.942603327743-103.73616216221996j),71823.39131648566,71642.2013181436,181.18999834200213
34,0.0999999999999999,(41.2484128896882+2.7553335082945765j),(1920.6550059207236-128.29693859591046j),175706.52145633343,174689.64254322214,1016.8789131113473
35,0.1,(40.98797507421008+3.1923731957012182j),(1929.7770095448361-150.30184798828137j),305250.51996563724,302329.46699660714,2921.0529690299904
36,0.10000000000000017,(40.71087142086537+3.667523419786192j),(1938.9623092701754-174.6754473962554j),467330.8449059756,461047.1663924663,6283.678513508726
37,0.0999999999999999,(40.411317473920356+4.232808790221851j),(1947.8179950380122-204.02059736038012j),673763.6540745823,662285.4261031344,11478.227971448368
38,0.1,(40.08182979378636+4.924823105674447j),(1955.8480827047338-240.31352556630438j),940021.8032277473,921152.363175098,18869.440052648057
39,0.09999999999999991,(39.71206881633746+5.773510970546324j),(1962.3830516119306-285.29966870511123j),1284734.1068163712,1255913.1216215107,28820.98519486266
40,0.09999999999999996,(39.28769974404194+6.805314148211805j),(1966.5025157203668-340.63250024596897j),1729427.7020435003,1687724.7120135287,41702.99002997338
41,0.10000000000000014,(38.78909473264259+8.044573887904184j),(1966.9408673914359-407.9291164161377j),2298371.596623029,2240472.2647823584,57899.33184067346
42,0.10000000000000002,(38.1897308694715+9.514281441160975j),(1961.9671791123408-488.788674217065j),3018482.151149441,2940667.6145166857,77814.53663275909
43,0.0999999999999999,(37.45409012030283+11.236541502149638j),(1949.2268264357149-584.7844137181578j),3919272.5797926565,3817392.599005085,101879.98078757481
44,0.0250000000000001,(11.189062600244139+0.13468318192770157j),(1777.7615977679854-21.39898553173191j),1086.0946793314315,1047.8829405878669,38.211738743564716
45,0.024999999999999998,(11.116577936173805+0.17590471079415543j),(1789.1646106007624-28.31109404331569j),2833.43170281855,2618.79318202887,214.6385207896795
46,0.025,(11.034503161794705+0.22283678021990624j),(1802.188788224707-36.394384144713136j),5374.939797145339,4757.6015488912735,617.3382482540596
47,0.02500000000000002,(10.943423827430967+0.28358770793217897j),(1816.7090494430843-47.07816890174829j),9103.121918155519,7772.902185800674,1330.2197323548469
48,0.02499999999999995,(10.843691497446748+0.36314929175433436j),(1832.593678318624-61.372559013835684j),14544.194641410204,12109.297548167893,2434.897093242328
49,0.025000000000000012,(10.735358263727633+0.46555733590480647j),(1849.68427098377-80.21475020296313j),22336.59716902873,18324.013405335896,4012.5837636928686
50,0.02499999999999998,(10.618117146940827+0.5944286791456832j),(1867.7711569194173-104.56248752858112j),33222.32673036026,27076.34946280077,6145.977267559391
51,0.024999999999999998,(10.49123678681028+0.7531644125580228j),(1886.561397208895-135.43597722146953j),48042.64492354074,39121.49311605044,8921.151807490172
52,0.024999999999999988,(10.353488105234721+0.9450511224722435j),(1905.6362485729667-173.9436658865847j),67736.19284567327,55306.73063452735,12429.46221114575
53,0.02499999999999996,(10.203061384323696+1.173323022055599j),(1924.394153836632-221.29985101088272j),93338.84150198568,76569.4037233173,16769.43777866839
54,0.025000000000000078,(10.037474550239677+1.4412076043250115j),(1941.9735918449005-278.8337936954866j),125985.13226586646,103936.52221940923,22048.610046457354
55,0.05000000000000009,(21.876050398809333+0.5230688042488708j),(1817.7870421125851-43.464321811430516j),8498.692553855235,8345.999558214748,152.69299564049143
56,0.049999999999999996,(21.731206830478243+0.6601515785199209j),(1829.26111177317-55.56937632973547j),21424.63553167084,20566.910633763255,857.7248979075584
57,0.05000000000000002,(21.567046735185272+0.7991785719231502j),(1842.3559214811237-68.26949430685674j),38836.42272103745,36369.2664299189,2467.1562911186957
58,0.05000000000000009,(21.384008847469232+0.967684384780916j),(1856.8745873478676-84.02861013994088j),62564.998741969226,57248.3404584112,5316.658283558086
59,0.05000000000000004,(21.182122072623546+1.1810741373390612j),(1872.589411698444-104.41196195684422j),95231.13862528527,85498.19222040879,9732.946404876426
60,0.049999999999999996,(20.960620694410505+1.4511230933031252j),(1889.2065162119434-130.7915086896713j),140086.1573269595,124044.8590261159,16041.29830084367
61,0.04999999999999996,(20.71770571845701+1.7880411276740806j),(1906.3191240305996-164.52482927208018j),200949.65516651433,176376.72445746296,24572.93070905121
62,0.050000000000000246,(20.450293127327804+2.201234103415027j),(1923.3476636937294-207.0258085635307j),282178.97821981367,246506.75330800677,35672.224911806996
63,0.04999999999999998,(20.153732565946562+2.6996636486099863j),(1939.4605705940098-259.7975924912307j),388654.07201935037,338950.38724930526,49703.6847700446
64,0.049999999999999996,(19.821483994690826+3.292053792984478j),(1953.4690110839724-324.4421592822792j),525773.0243715405,458714.6865388118,67058.33783272922
65,0.05000000000000009,(19.444730178238952+3.9870411069737814j),(1963.6877094380968-402.64398358948864j),699459.0242251074,611300.0695969014,88158.95462820529
66,0.07499999999999982,(31.983094925182765+1.2258754798213414j),(1863.3453674367913-71.41989859714607j),30054.07936279424,29710.977599158123,343.10176363608855
67,0.075,(31.762764999577744+1.524002613759587j),(1874.7114560049122-89.95014001566012j),74622.63849746577,72695.27915057479,1927.3593468910092
68,0.07500000000000001,(31.51396887577692+1.8037516067368375j),(1887.6777782990691-108.04420855494126j),132258.70072090035,126714.30767510568,5544.3930457942715
69,0.07499999999999991,(31.235273517417575+2.1248807963724317j),(1901.9577979659107-129.38684843450966j),207294.37078359746,195344.87265480054,11949.498128797057
70,0.07500000000000007,(30.925364074629805+2.5184656656217284j),(1917.193111586533-156.13025651840994j),306368.20487214415,284489.72779066226,21878.477081481637
71,0.07499999999999986,(30.581495150659578+3.0072325461794587j),(1932.9175401813468-190.0735234584866j),437887.23259313183,401822.80270181247,36064.42989131821
72,0.07499999999999998,(30.1989179167162+3.6103577628400285j),(1948.4832174184492-232.94614493045256j),611822.3052777685,556568.3387097503,55253.9665680169
73,0.07500000000000001,(29.770300486368505+4.345205597385838j),(1962.968330144948-286.51040924301464j),839606.2851213405,759383.6288405886,80222.65628075077
74,0.07500000000000007,(29.285070822421137+5.228139014126528j),(1975.0565194527237-352.5984317084212j),1134088.2063238318,1022299.1216622031,111789.08466163154
75,0.07499999999999983,(28.728622350850838+6.275011621909476j),(1982.8778568412547-433.10749274885865j),1509529.5637889297,1358703.2605831441,150826.3032057843
76,0.07499999999999989,(28.08134286291674+7.50145477406388j),(1983.8008531480464-529.9387729883556j),1981622.0115194498,1783353.5907970387,198268.42072241585
77,0.10000000000000023,(41.443900481239446+2.297386770246112j),(1914.2427945853394-106.11346953962628j),75546.22309431917,74937.28127267389,608.9418216452472
78,0.1000000000000003,(41.13905078687925+2.833541149093844j),(1925.220246240456-132.60371069453j),186029.7750026452,182609.18197978486,3420.5930228598345
79,0.1000000000000003,(40.79910204864738+3.308604536052892j),(1937.7278694805973-157.14010595025243j),325303.6069978321,315462.42662901914,9841.180368812335
80,0.09999999999999985,(40.41692257793536+3.830244684909529j),(1951.3891635062257-184.92991289223454j),501064.0441656144,479850.5948890849,21213.449276530984
81,0.10000000000000019,(39.98832217264185+4.4509321989803174j),(1965.665177164538-218.78993551376558j),726037.7998740021,687190.857654757,38846.942219245146
82,0.09999999999999964,(39.50701015313959+5.207636207630528j),(1979.8613226838472-260.9764057095146j),1016682.0307585645,952634.4483028151,64047.5824557462
83,0.10000000000000007,(38.963414699968865+6.13082135559317j),(1993.019834024522-313.59799069582215j),1392698.1471110007,1294552.4137152059,98145.73339579652
84,0.09999999999999977,(38.34355068796855+7.247745131785217j),(2003.7874946145907-378.75837784063145j),1876818.3621507012,1734296.4605099962,142521.90164070367
85,0.10000000000000007,(37.627774385331215+8.583861406707788j),(2010.2441447177168-458.5883011627084j),2494688.82951433,2296060.4435892343,198628.38592509666
86,0.1000000000000003,(36.7891763768685+10.16376443311876j),(2009.6780280578487-555.2147689948711j),3274894.5939775608,3006891.184956523,268003.409021042
87,0.1000000000000002,(35.79148294080464+12.011746920556702j),(1998.2958719659246-670.635087295666j),4249036.102709805,3896764.3855226063,352271.71718720044
88,0.02500000000000004,(11.181934341023622+0.13910766076006628j),(1778.8773247343072-22.12993350489139j),1143.3836228848054,1073.0042403369107,70.37938254789579
89,0.024999999999999998,(11.093631357604737+0.18768050451427706j),(1792.8011875318555-30.330359872569524j),3073.7413932677127,2677.944218324586,395.79717494312905
90,0.02500000000000007,(10.987282132995235+0.2450698239762125j),(1809.77196949255-40.36671604788534j),5994.740271720451,4854.263988600312,1140.4762831201388
91,0.02500000000000005,(10.864051378077493+0.3193680070225074j),(1829.629658888588-53.78520014436096j),10372.23345432529,7908.751404347225,2463.4820499780867
92,0.025000000000000064,(10.72471610896025+0.41560831538738663j),(1852.2202522114007-71.77795019719284j),16807.37338371726,12284.424257721315,4522.949125995887
93,0.024999999999999953,(10.569606148592367+0.5379404928742306j),(1877.3612066825247-95.54836751984885j),26016.71541974208,18536.353815616556,7480.361604125543
94,0.02500000000000007,(10.398552715328634+0.6901830436525799j),(1904.7948984010195-126.42693425733852j),38825.96555477894,27321.100897781995,11504.86465699697
95,0.0249999999999999,(10.210832384047107+0.8760481248604087j),(1934.1221017054966-165.93985453109522j),56169.25291628687,39391.57964352239,16777.67327276446
96,0.025000000000000088,(10.005108754371818+1.0992721491607378j),(1964.7037275185835-215.86412921995947j),79092.28432695355,55595.70574987621,23496.57857707718
97,0.025000000000000053,(9.77937162060053+1.3637186570460984j),(1995.5151009220795-278.2715780850506j),108759.66160701857,76879.23022617011,31880.431380848557
98,0.02499999999999997,(9.530875003783608+1.673474999746173j),(2024.9315170123766-355.54681690537916j),146467.00234715457,104293.75257892162,42173.249768233014
99,0.05000000000000004,(21.858469664481234+0.5347949065460404j),(1819.2002090261005-44.50901736069639j),8910.25528443707,8629.214063542579,281.0412208944912
100,0.049999999999999906,(21.682136312546657+0.6869913217796417j),(1833.252527669318-58.08600033616746j),22813.264169957434,21232.620709431932,1580.6434605254715
101,0.04999999999999998,(21.469740875352535+0.8469459618005848j),(1850.3676439083015-72.99395986905994j),42005.76402694786,37450.49661741233,4555.267409535448
102,0.05000000000000005,(21.222774762372186+1.0423473221154862j),(1870.3014661387954-91.8590404226923j),68596.1985074327,58754.70198697236,9841.496520460534
103,0.05000000000000012,(20.942101819509535+1.2887587356456638j),(1892.7718955684388-116.47953658242488j),105496.18305779323,87423.16441462933,18073.018643163876
104,0.04999999999999994,(20.62750170315144+1.5982626716864352j),(1917.4057516441887-148.56467270884215j),156265.6406252311,126368.11181989037,29897.5288053405
105,0.05000000000000004,(20.27746265941791+1.9815672262687654j),(1943.6533876646226-189.9389443793969j),225060.09886029724,179066.79201339404,45993.30684690284
106,0.05000000000000004,(19.8889669065716+2.448816482896642j),(1970.6685467840161-242.63731959331463j),316613.7061727393,249528.30387304418,67085.4022996955
107,0.04999999999999992,(19.457245027330483+3.0100484766081865j),(1997.1355981781417-308.9581776059313j),436253.60929053463,342292.9580548594,93960.65123567621
108,0.04999999999999996,(18.975524788783808+3.6754896132536787j),(2021.0199079318095-391.4641498702059j),589931.9119175147,462451.96182284737,127479.9500946662
109,0.050000000000000024,(18.434742669414938+4.455816876822757j),(2039.219505859318-492.89479396039144j),784288.9581917413,615704.5688394222,168584.3893523168
110,0.07499999999999991,(31.94767079825249+1.2520423027969598j),(1865.2870828331602-73.10136470717606j),31626.182609756706,30995.258684536144,630.9239252205313
111,0.07499999999999993,(31.68000967315701+1.5746214129167344j),(1879.293018318089-93.40827412360107j),79272.07896516734,75723.41526580381,3548.663699363277
112,0.07499999999999993,(31.359503809039087+1.8861791925332108j),(1896.330032617033-114.05850907204368j),141855.10867828748,131626.18154300298,10228.927135284628
113,0.07499999999999979,(30.98568315659234+2.247526479802535j),(1916.0700800638488-138.98090354624486j),224277.15467306,202172.45181471636,22104.702858343207
114,0.07500000000000012,(30.55843357557263+2.690195812564549j),(1938.0611418060187-170.61620502525776j),333801.69166924316,293196.83363565605,40604.85803358816
115,0.07499999999999979,(30.075802654972957+3.2375567343510543j),(1961.6909908961004-211.16928951657846j),479520.06887390325,412328.3824297033,67191.68644420039
116,0.07499999999999979,(29.53347802672939+3.909718426595127j),(1986.0567392615671-262.9193426770362j),672164.7890413848,568768.1310077113,103396.65803367225
117,0.0750000000000001,(28.924263304281673+4.725410784767299j),(2009.7850270456188-328.3423242955803j),924055.3635755155,773202.2448483207,150853.1187271978
118,0.07500000000000034,(28.23750601486652+5.702949201172099j),(2030.7770234013103-410.1430982349417j),1249128.460295927,1037805.7742530645,211322.6860428625
119,0.07499999999999991,(27.458449109191836+6.860836197676651j),(2045.8536124351774-511.18205778942206j),1663031.5693557092,1376323.0678432295,286708.5015124762
120,0.07499999999999993,(26.567409634940756+8.218244736970187j),(2050.2890230390703-634.227318522548j),2183307.3355967337,1804264.8148428707,379042.520753862
121,0.1000000000000003,(41.378412842645496+2.3521094564445986j),(1916.9697785058565-108.96799644995417j),80069.98917131302,78951.49986901131,1118.489302301471
122,0.09999999999999987,(41.00888554503774+2.9266449881728924j),(1930.6603053221452-137.78373226529j),198451.45220878738,192160.77211425488,6290.680094532688
123,0.09999999999999971,(40.57432313669044+3.445698700360353j),(1947.2332980176652-165.3651552405209j),349099.4450882578,330962.2088788078,18137.236209450406
124,0.09999999999999976,(40.06655738994648+4.021274200492794j),(1966.3249986541189-197.349922278471j),540592.132971245,501385.2704657222,39206.862505523066
125,0.10000000000000024,(39.482853685558325+4.706968723059186j),(1987.2509428265594-236.91114394236115j),786684.5829598939,714638.4837367721,72046.09922312308
126,0.10000000000000041,(38.81790015676164+5.5410015911652275j),(2009.0835199169298-286.78354407855363j),1105026.0904736875,985761.0267383425,119265.06373534436
127,0.10000000000000012,(38.06265664655523+6.555502388222589j),(2030.46715786437-349.70581339576734j),1516712.4334349735,1333115.0093477233,183597.42408725887
128,0.09999999999999988,(37.20332027628035+7.780008195389283j),(2049.366093324998-428.5661839593076j),2046162.0439079131,1778211.5352064932,267950.5087014187
129,0.10000000000000023,(36.220218529587285+9.243112194136444j),(2062.7154047290187-526.388594119317j),2721174.534926187,2345738.8210770977,375435.7138490913
130,0.09999999999999952,(35.08635926978925+10.973616867545996j),(2065.9561953564266-646.1488802143994j),3573186.555405795,3063826.0309887407,509360.5244170535
131,0.10000000000000012,(33.76549873164814+13.001236767103956j),(2052.4701980300074-790.293406121129j),4637702.545009585,3964554.692343905,673147.8526656777
